,Support Vector Machine,K-Nearest Neighbour,Random Forest,LightGBM,XGBoost
0,0.9582457912457912,0.8763193058531441,0.8784606672788491,0.7724717236645612,0.9085286195286195
