,Support Vector Machine,K-Nearest Neighbour,Random Forest,LightGBM,XGBoost
0,0.9435140322222526,0.9226709689026625,0.9287593500604824,0.8661821599651841,0.956845175634697
