,Support Vector Machine,K-Nearest Neighbour,Random Forest,LightGBM,XGBoost
0,0.02703846256816181,0.10291596103876759,0.055141105691771004,0.11038658288956942,0.03959094750334536
