,Support Vector Machine,K-Nearest Neighbour,Random Forest,LightGBM,XGBoost
0,0.022795918988574672,0.021840176728703066,0.01351129703592651,0.03122744271732862,0.010939723277576141
